interface_id,name,source_id,target_id,protocol_or_contract,direction,identity_and_policy,data,availability_and_recovery
VV-IF-001,External MCP profile access,VV-EXT-MCP-CLIENT,VV-CMP-001,"HTTPS; sessionful MCP Streamable HTTP with event-stream responses; JSON-RPC",bidirectional,"Gateway OAuth access token bound to profile and protected resource; per-method and target-aware policy","Tools, resources, templates, prompts, completions, tasks, subscriptions, notifications, structured content",One active gateway process owns every client session
VV-IF-002,Browser console access,VV-EXT-BROWSER,VV-CMP-002,"HTTPS; HTML; same-origin JSON",bidirectional,"Encrypted HttpOnly SameSite session plus CSRF on unsafe requests","Installation projections, task controls, artifact workflows, and hosted MCP Apps",Browser never receives gateway bearer; BFF replicas use encrypted cookie state
VV-IF-003,Console static application,VV-CMP-002,VV-CMP-003,"HTTPS static assets",outbound,"CSP, frame denial, MIME sniff prevention, and same-origin referrer policy","React application assets",Immutable build assets
VV-IF-004,Console to gateway administration,VV-CMP-002,VV-CMP-001,"HTTPS; gateway administration and artifact routes",bidirectional,"BFF-held OAuth token; gateway policy and audit","Safe installation projection and explicit mutations",BFF refresh rotation uses durable gateway token family state
VV-IF-005,Enterprise identity federation,VV-CMP-001,VV-CMP-041,"OIDC discovery; OAuth 2.0; JWKS HTTPS",bidirectional,"Issuer, key, claim, tenant, client, scope, and protected-resource validation","Authorization requests, tokens, claims, public keys",Unknown issuers or keys fail closed
VV-IF-006,Gateway OAuth service,VV-EXT-OAUTH-CLIENT,VV-CMP-001,"OAuth authorization code with PKCE; client credentials; client assertions; ID-JAG",bidirectional,"Authorization server policy; rotating refresh families; replay detection","Authorization codes, access tokens, refresh tokens, metadata",Durable compare-and-swap rotation and bounded duplicate delivery
VV-IF-007,Gateway hosted-server MCP,VV-CMP-001,VV-CMP-HOSTED,"Private HTTP; MCP Streamable HTTP",bidirectional,"Short-lived Ed25519 internal assertion with audience, principal, tenant, labels, and scopes","Canonical server MCP requests and responses",Gateway reconnects per request/session; server state is durable where required
VV-IF-008,Gateway hosted-server administration projection,VV-CMP-001,VV-CMP-HOSTED,"Optional private HTTP under a declared server admin mount",bidirectional,"AdminRead or AdminWrite policy, audit, and short-lived internal assertion","Bounded projection of canonical domain request and response models",Owning server reuses MCP models identities and state; the projection is never a second authority
VV-IF-009,Platform persistence,VV-CMP-PLATFORM,VV-CMP-038,"SurrealDB WebSocket at database scope",bidirectional,"Dedicated runtime credentials; tenant-scoped persistence APIs","Identity, policy, control, tasks, artifacts, recordings, agents, audit, outbox",Transactional outbox is authoritative; LIVE is a latency path only
VV-IF-010,Installation bootstrap,VV-CMP-001,VV-CMP-038,"SurrealDB WebSocket at root scope",outbound,"Separate bootstrap credentials","Ordered migrations, runtime user rotation, initial control revision",Runs to completion before long-lived services
VV-IF-011,Official Tasks projection,VV-CMP-HOSTED,VV-CMP-001,"MCP 2026-07-28 Tasks and request-scoped subscriptions over stateless Streamable HTTP",bidirectional,"Same principal and policy context as tool invocation","Task create, get, update, cancel, status notifications, progress, terminal result",Projects the shared task runtime without a second task store
VV-IF-012,Task persistence,VV-CMP-009,VV-CMP-008,"Rust API and transactional outbox",bidirectional,"Task owner includes tenant, principal, profile, server, and operation","Tasks, leases, inputs, results, provider jobs, retention pins",Resume, WebhookWait, and InterruptedIndeterminate recovery classes
VV-IF-013,Domain artifact operations,VV-CMP-HOSTED,VV-CMP-004,"Private HTTP through artifact client or Python SDK",bidirectional,"Forwarded internal identity or task-bound write capability","Metadata, capabilities, uploads, downloads, grants, releases, share links",Idempotent capability redemption and durable artifact records
VV-IF-014,Artifact byte storage,VV-CMP-004,VV-CMP-039,"Private S3-compatible API",bidirectional,"Installation object-store credentials; Artifact service and bucket initialization only","Artifact blob bytes",Tenant-derived storage keys and content integrity hashes
VV-IF-015,Authorized artifact download,VV-EXT-AUTHORIZED-USER,VV-CMP-001,"HTTPS GET or HEAD /artifacts/{profile}/{artifact_id}/download with one optional byte range",inbound,"Gateway policy and audit; service-side authorization","Backpressured artifact byte stream on the installation origin",No domain-specific byte route or storage redirect
VV-IF-016,Public artifact redemption,VV-EXT-LINK-HOLDER,VV-CMP-004,"HTTPS GET or HEAD /s/{token} with one optional byte range",inbound,"Random read-only bearer; hash-only storage; expiry, limit, release state, revocation","Backpressured artifact byte stream on the installation origin",Edge logging suppresses bearer path
VV-IF-017,Producer recording publication,VV-EXT-PRODUCER,VV-CMP-051,"Producer-loopback Rerun gRPC",outbound,"Loopback receiver; application and recording identities are validated before upload","Native Rerun log messages",Forwarder applies persistent bounded backpressure and restart replay
VV-IF-018,Governed recording playback,VV-EXT-BROWSER,VV-CMP-023,"HTTPS manifest through Console BFF and gateway; recording-scoped Rerun Data Protocol over HTTP/2 or gRPC-Web; authenticated framed complete RRD stream into a Rerun WebViewer LogChannel",inbound,"Gateway policy and audit establish a five-minute actor-and-recording session; standard Redap read token is host-limited; the live stream carries the HttpOnly Console session; enumeration and mutation are denied","One stable dataset-segment URI with immutable shard layers and revision; footer-indexed chunks fetched on demand; recent native Rerun messages under the same recording identity","Derived Redap catalogs rebuild from the durable catalog and shards; live rollover advances the existing stream and WebViewer channel"
VV-IF-019,Stream recording replay,VV-CMP-022,VV-CMP-005,"Read-only RRD files plus SurrealDB catalog",inbound,"Canonical recording URI authorization; classification and labels propagate","H.264 VideoStream samples, timestamps, keyframes",Replay captures one task-start snapshot of complete acknowledged parts
VV-IF-020,Stream native runner,VV-CMP-022,VV-CMP-032,"Closed JSON request and response or newline-delimited event socket",bidirectional,"Operator-admitted graph and mounted configuration; owner-scoped live session or task filesystem boundary","Runner request, H.264 access units, detections, tracks, source indices",One bounded subprocess per live session or replay task
VV-IF-021,DeepStream execution,VV-CMP-032,VV-CMP-044,"GStreamer, CUDA, NVDEC, TensorRT, NVIDIA metadata",bidirectional,"Mounted approved engine and coherent host-driver libraries","H.264 frames, tensors, detections, tracks",No CPU inference fallback and no Triton server process
VV-IF-022,Media provider submission,VV-CMP-019,VV-CMP-043,"Provider HTTPS API",outbound,"Provider credential held only by media server","Bounded provider request and deletion request",Submission binding commits before task detaches
VV-IF-023,Media terminal webhook,VV-CMP-043,VV-CMP-019,"Signed HTTPS webhook",inbound,"Provider signature and unique event validation","Terminal event, output references, usage facts",Webhook-only completion; missing delivery is operational failure
VV-IF-024,Analytical execution,VV-CMP-018,VV-CMP-045,"Embedded DuckDB API and arbitrary SQL",bidirectional,"Owner-derived workspace and locked engine settings","Queries, mutations, ingests, exports, spatial operations",Read work may resume; uncertain mutation is never replayed
VV-IF-025,Map acquisition helper,VV-CMP-020,VV-CMP-031,"JSON subprocess contract and filesystem exchange",bidirectional,"Registered source policy, bounded paths, network controls","OSM, GTFS, maritime, aviation, and authority acquisition products",Acquisition tasks persist durable state and immutable release identities
VV-IF-026,Map routing toolchain,VV-CMP-020,VV-CMP-046,"Local process and HTTP APIs",bidirectional,"Container-local endpoints and governed active release","Routing tiles, route requests, matrices, reachable areas",Active release dependencies are recorded with route products
VV-IF-027,Rerun viewer bridge,VV-CMP-013,VV-CMP-027,"MCP stdio child to Streamable HTTP parent",bidirectional,"Gateway profile controls the external HTTP projection","Viewer MCP tools",Bridge process owns child lifecycle
VV-IF-028,World recording publication,VV-CMP-028,VV-CMP-051,"Pod-loopback Rerun gRPC",outbound,"Producer-local transport; gateway policy later binds the registered application and tenant","SUMO world frames",Recording Hub never polls SUMO
VV-IF-029,SUMO control,VV-CMP-028,VV-CMP-029,"Private TraCI TCP",bidirectional,"Single serialized owner; not published to host","Simulation state, signals, vehicles, network actuation",Uncertain mutating batch execution is interrupted-indeterminate
VV-IF-030,Telemetry export,VV-CMP-PLATFORM,VV-CMP-042,"OTLP gRPC or HTTP",outbound,"Installation-selected exporter and SIEM credentials","Logs, traces, metrics, audit-compatible events",Telemetry excludes tokens, bearer links, prompts, artifact bytes, and provider payloads
VV-IF-031,Local cluster control,VV-CMP-035,VV-CMP-048,"k3d, Docker image, and Kubernetes APIs",outbound,"Local operator access and development Secrets","K3s node, GPU runtime, images, ports, and kubeconfig",k3d is the canonical local Kubernetes substrate
VV-IF-032,Kubernetes deployment control,VV-CMP-036,VV-CMP-048,"Helm and Kubernetes APIs",outbound,"Installation operator RBAC and existing Secrets","Workloads, Services, Ingress, NetworkPolicy, volumes, mTLS annotations",Helm preserves the same service graph and explicit singleton resources
VV-IF-033,Offline transfer,VV-CMP-037,VV-CMP-048,"Verified tar and OCI image archives",outbound,"SHA-256 checksums, resolved identities, SPDX SBOMs","Images, Helm values, schemas, manifests, evidence",Loader performs no network operation
VV-IF-034,Authenticated recording upload,VV-CMP-051,VV-CMP-001,"HTTPS; OAuth discovery; client_credentials with private_key_jwt; versioned protobuf",outbound,"Resource-bound recording:ingest token; producer registration; tenant dataset application label retention and quota policy","Idempotent stream open status append finish operations and RRD batches",At-least-once retry resumes from Hub durable and materialized checkpoints
VV-IF-035,Gateway recording delivery,VV-CMP-001,VV-CMP-005,"Private HTTP; versioned protobuf",outbound,"Gateway policy and audit; short-lived internal assertion addressed to Recording Hub","Authorized producer binding and validated recording operations",Hub fsyncs journal state and materializes the batch before acknowledgement
VV-IF-036,UAV simulation and live-view control,VV-CMP-054,VV-CMP-055,"Pod-private typed HTTP and WebSocket",bidirectional,"Gateway-forwarded caller owns the MCP operation; the simulator adapter is not externally routed","Session state vehicle commands missions logical camera definitions shared camera products H.264 access units capture requests tiles and health","Reads remain available during durable work; viewer authorization is idempotent by actor browser instance and logical camera; uncertain live mutations are interrupted-indeterminate"
VV-IF-037,UAV recording publication,VV-CMP-055,VV-CMP-051,"Pod-loopback Rerun gRPC",outbound,"Producer-local transport; registered application and tenant authority are enforced at gateway upload","Camera H.264 poses transforms IMU vehicles missions collisions and tile diagnostics","Dedicated persistent forwarder queue survives producer or network restart"
VV-IF-038,UAV simulator execution,VV-CMP-055,VV-CMP-056,"Isaac Experimental and Python APIs; USD; Newton; Warp CUDA; Vulkan; NVENC; RTSP; H.264; MAVLink 2",bidirectional,"Pinned dependency identities; provider credential from Kubernetes Secret; canonical Frames identity; hardware GPU required","Rendered tiles authoritative logical cameras shared camera products H.264 bitstreams multirotor state PX4 commands and telemetry","Explicit startup readiness bounded mission execution one native GPU product per streamable camera and no simulator-native public control port"
VV-IF-039,Live Stream publication,VV-EXT-PRODUCER,VV-CMP-022,"RTP 2.0 with RFC 6184 H.264 over admitted UDP",outbound,"Installation NetworkPolicy and one operator-admitted pipeline endpoint","Annex B H.264 access units with 90 kHz timestamps",Live processing begins on arriving frames without resolving or waiting for Recording Hub
VV-IF-040,Recording catalog and shard access,VV-CMP-023,VV-CMP-005,"SurrealDB catalog; read-only footer-indexed RRD shards; complete acknowledged ingest parts",inbound,"Tenant and data-label authorization precedes every physical playback or analysis plan","Logical recording metadata, immutable shard identities, and bounded writing-segment snapshots","Immutable sources remain zero-copy; derived read state is reconstructible; task snapshots never read incomplete writes"
VV-IF-041,Map travel-model handoff,VV-CMP-020,VV-CMP-021,"veoveo.io/travel-model-artifact/v1; map://travel-model identity; artifact occurrence and bytes",outbound,"Caller access and labels apply at both domains; map release mobility profile restriction snapshot units and digest remain immutable","Controlled location and vehicle-type order; cost and transit-time matrices; unavailable arcs; provenance","Optimization resolves the exact governed occurrence through the artifact plane and never recomputes GIS costs"
VV-IF-042,Optimization executor control,VV-CMP-021,VV-CMP-070,"veoveo.io/cuopt-executor/v1; private Unix-domain socket; unsigned 64-bit big-endian length prefix; bounded JSON messages",bidirectional,"Pod-local transport is not a public authority; task owner policy and artifact access remain in the Rust control plane; staged inputs are digest-checked","Health solve cancel and shutdown operations; prepared-problem path digest and bounds; solver result or typed error","The control plane owns durable state and serial GPU admission; missing socket health version or digest fails readiness or the task"
VV-IF-043,cuOpt GPU execution,VV-CMP-070,VV-CMP-071,"Python cuOpt 26.06 API; CUDA 13.2; RMM",bidirectional,"Digest-pinned runtime and one visible NVIDIA GPU are mandatory; the executor accepts only compiled bounded formulations","Routing Solve and BatchSolve arrays; sparse mathematical models; solver controls; routes variables objectives duals and statuses","No CPU solver or GPU-optional mode exists; incompatible cuOpt CUDA driver or GPU identity fails closed"
