model_id,name,category,origin,implementation,repository_path,deployment,responsibility,canonical_interfaces,authoritative_state,uaf_type,sysml_type
VV-CMP-001,MCP gateway,Core deployable,first-party,Rust,platform/gateway,one or more replicas,"Aggregates policy-scoped MCP profiles; terminates OAuth; evaluates policy; records audit; issues short-lived internal identity; proxies declared hosted-server administration projections and governed artifact downloads.","HTTPS; MCP Streamable HTTP; OAuth/OIDC; internal HTTP; SurrealDB WebSocket",SurrealDB control revisions and security records,Software,Block
VV-CMP-002,Console BFF,Core deployable,first-party,Rust,apps/console/bff,one or more replicas,"Owns the browser security boundary, PKCE login, encrypted HttpOnly sessions, CSRF enforcement, installation projections, and explicit administrative workflows.","HTTPS; same-origin JSON; OAuth; gateway admin and artifact routes",Encrypted browser session cookie only,Software,Block
VV-CMP-003,Operations console web application,Core application,first-party,React and TypeScript,apps/console/web,static assets served by Console BFF,"Presents health, tasks, artifacts, agents, recordings, MCP topology, policy, audit, and installation state without receiving gateway bearer tokens.","HTTPS; same-origin Console BFF API",No authoritative state,Software,Block
VV-CMP-004,Artifact service,Core deployable,first-party,Rust,platform/artifacts/service,one or more replicas,"Enforces tenant, label, grant, release, retention, share-link, and write-capability policy for governed artifact occurrences and bytes.","Internal HTTP; public share redemption; S3-compatible API; SurrealDB WebSocket",SurrealDB artifact identity and authorization records; object store bytes,Software,Block
VV-CMP-005,Recording Hub,Core deployable,first-party,Rust,platform/recordings/hub,single private spooler per recording volume,"Accepts gateway-authorized recording batches, journals small durable RRD parts, and publishes keyframe-aligned immutable archive shards through one footer-writing object-store compaction pass.","Private authenticated HTTP; versioned protobuf; filesystem RRD parts and archive shards; SurrealDB WebSocket",Internal durable parts; immutable RRD archive shards; SurrealDB recording catalog,Software,Block
VV-CMP-006,Agent kernel,Core agent component,first-party,Rust,agents/kernel,operator-launched agent process,"Runs bounded autonomous episodes with MCP tools, durable input requests, memory, replay, budgets, recording, and detach/resume behavior.","MCP Streamable HTTP; agent runtime API; DuckDB; Rerun",SurrealDB-backed runtime descriptors; RRD episode evidence,Software,Block
VV-CMP-007,Agent runtime,Core library,first-party,Rust,agents/runtime,linked into agent processes,"Persists agents, wakes, episodes, watcher leases, retry schedules, task descriptors, results, and retention pins across process restart.","Rust API; SurrealDB WebSocket; durable outbox",SurrealDB agent records and outbox,Software,Block
VV-CMP-008,Platform store,Core library,first-party,Rust,platform/store,linked into platform services,"Owns persistence record types, ordered migrations, stable identities, transactional outbox, changefeed replay, and platform-store access.","Rust API; SurrealDB WebSocket",SurrealDB 3.2.3,Software,Block
VV-CMP-009,Durable task runtime,Core library,first-party,Rust,platform/task-runtime,linked into durable workers,"Owns UUIDv7 task creation, idempotency, leases, claims, progress, durable input, cancellation, terminal results, retention, recovery, and outbox transitions.","Rust API; platform store; outbox",SurrealDB task and provider-job records,Software,Block
VV-CMP-010,DuckDB runtime,Core library,first-party,Rust,platform/runtimes/duckdb,linked into analytical components,"Provides owner-scoped DuckDB workspace construction and locked analytical execution primitives.","Rust API; DuckDB C API and files",Owner-scoped DuckDB workspace files,Software,Block
VV-CMP-011,Shared MCP contract,Core library,first-party,Rust,mcp/contract,linked into gateway clients and servers,"Defines cross-service Rust models and domain identifiers for gateway configuration, policy vocabulary, artifacts, coordinates, storage, tasks, subscriptions, usage, and URI conventions.",Rust API,No authoritative state,Software,Block
VV-CMP-013,MCP stdio bridge,Core deployable,first-party,Rust,mcp/bridges/stdio,one bridge process for the Rerun viewer server,"Projects a child stdio MCP server onto bounded Streamable HTTP while preserving the registered gateway identity.","MCP stdio; MCP Streamable HTTP",No authoritative state,Software,Block
VV-CMP-014,Artifact client,Core library,first-party,Rust,platform/artifacts/client,linked into domain servers,"Provides the native Rust client for artifact metadata, capabilities, upload, download, grants, release, and sharing operations.","Rust API; artifact-service internal HTTP",Artifact service only,Software,Block
VV-CMP-015,RRD library,Core library,first-party,Rust,platform/recordings/rrd,linked into recording query and agent components,"Provides Rerun/RRD read, merge, query, and recording utility behavior shared by the platform.","Rust API; RRD files",RRD segment files,Software,Block
VV-CMP-016,Artifact MCP server,Hosted MCP server,first-party,Rust,servers/artifact-mcp,replicated hosted service,"Exposes governed artifact discovery, metadata, grants, release states, share links, subscriptions, prompts, and completions through canonical artifact URIs.","MCP Streamable HTTP; artifact-service internal HTTP; SurrealDB WebSocket",Artifact service and platform store,Software,Block
VV-CMP-017,Frames MCP server,Hosted MCP server,first-party,Rust,servers/frames-mcp,replicated hosted service,"Converts WGS84, ECEF, ENU, and NED frames; derives local frames; persists coordinate operations; and executes durable batches.","MCP Streamable HTTP; artifact-service internal HTTP; SurrealDB WebSocket",SurrealDB frame and coordinate-operation records,Software,Block
VV-CMP-018,DuckDB MCP server,Hosted MCP server,first-party,Rust,servers/duckdb-mcp,single persistent owner-workspace service,"Executes arbitrary query, execute, ingest, and export SQL inside bounded owner-scoped workspaces with governed inputs and outputs.","MCP Streamable HTTP; artifact-service internal HTTP; DuckDB files",Owner-scoped DuckDB files; SurrealDB task metadata,Software,Block
VV-CMP-019,Media MCP server,Hosted MCP server,first-party,Rust,servers/media-mcp,replicated hosted service,"Provides provider-neutral media model discovery, schemas, generation tasks, webhook-only provider completion, usage reconciliation, and governed output artifacts.","MCP Streamable HTTP; provider HTTPS API; signed webhook HTTPS; artifact-service internal HTTP; SurrealDB WebSocket",SurrealDB provider jobs events usage and tasks; artifact plane outputs,Software,Block
VV-CMP-020,Map MCP server,Hosted MCP server,first-party,Rust,servers/map-mcp,single persistent map catalog service,"Governs map sources and releases; performs geodesy, CRS transformation, location inspection, restrictions, reachable areas, routing, logistics matrices, and immutable cuOpt travel-model publication.","MCP Streamable HTTP and MCP Apps; artifact-service internal HTTP; local subprocess protocols",SurrealDB map governance records and operational snapshots; DuckDB catalog; map release files; artifact plane travel models,Software,Block
VV-CMP-021,Optimization MCP server,Hosted MCP server,first-party,Rust,servers/optimization-mcp,control container in one GPU-backed Optimization pod,"Owns the typed routing, route-scenario, convex, and MILP contract; compiles controlled models; coordinates durable GPU work; independently verifies solver output; and publishes immutable problem, run, solution, and verification evidence.","MCP Streamable HTTP; private Unix-socket cuOpt executor protocol; artifact-service internal HTTP; SurrealDB WebSocket",SurrealDB task run and usage metadata; digest-verified prepared-problem workspace; artifact plane problem solution and verification outputs,Software,Block
VV-CMP-022,Stream MCP server,Hosted MCP server,first-party,Rust,servers/stream-mcp,GPU-backed hosted service,"Runs operator-admitted GStreamer graphs directly over live encoded media or authorized recording ranges; exposes an MCP App for encoded preview and typed overlays; publishes governed replay results; and may route existing encoded live output to Recording Hub without delaying processing.","MCP Streamable HTTP and MCP Apps; RTP/H.264; recording catalog and RRD reads; runner subprocess; optional loopback Rerun transport; artifact-service internal HTTP",Bounded owner-scoped live sessions; SurrealDB replay tasks; artifact plane outputs,Software,Block
VV-CMP-023,Recording MCP server,Hosted MCP server,first-party,Rust,servers/recording-mcp,replicated read projection with shared recording volume,"Applies tenant and label authorization to recording discovery, query, sealing, subscriptions, artifact publication, recording-scoped lazy Redap playback, and bounded-history live following.","MCP Streamable HTTP; Rerun Data Protocol over HTTP/2 and gRPC-Web; framed complete RRD stream for WebViewer LogChannel; RRD read-only volume; artifact-service internal HTTP; SurrealDB WebSocket",Recording Hub archive shards and SurrealDB catalog; reconstructible derived Redap catalogs,Software,Block
VV-CMP-024,Timeseries MCP server,Hosted MCP server,first-party,Rust,servers/timeseries-mcp,replicated hosted service,"Runs forecasting as durable work and publishes forecast artifacts and RRD output.","MCP Streamable HTTP; artifact-service internal HTTP; SurrealDB WebSocket",SurrealDB task metadata; artifact and RRD outputs,Software,Block
VV-CMP-025,Datasheet MCP server,Hosted MCP server,first-party,Python,templates/python-mcp,replicated hosted service and canonical Python template,"Demonstrates the Python platform contract through dataset preview, column statistics, task-based profiling, prompts, completions, resources, and notifications.","MCP Streamable HTTP; artifact-service internal HTTP; SurrealDB WebSocket",SurrealDB task metadata; artifact plane reports,Software,Block
VV-CMP-026,Chart MCP packaged service,Hosted MCP server,packaged-third-party,Node.js and flint-chart-mcp,servers/chart-mcp,replicated hosted service,"Packages the pinned chart MCP implementation and exposes chart compilation, validation, rendering, view creation, resources, and prompts through the gateway.",MCP Streamable HTTP,Server-owned chart resources,Software,Block
VV-CMP-027,Rerun viewer MCP child,Hosted MCP server,external,Rerun viewer MCP process,external,child process behind the stdio bridge,"Provides the Rerun viewer's MCP tool surface under the registered rerun server identity.",MCP stdio,Rerun viewer process state,Software,Block
VV-CMP-028,SUMO MCP server,Showcase component,first-party,Rust,showcase/sumo/sumo-mcp,optional showcase service,"Owns serialized TraCI access, exposes traffic reads and actuation, runs durable generation and optimization tasks, and pushes world state to a pod-local Recording forwarder.","MCP Streamable HTTP; TraCI; loopback Rerun gRPC; artifact-service internal HTTP; SurrealDB WebSocket",SUMO live state; SurrealDB tasks; RRD recordings,Software,Block
VV-CMP-029,SUMO simulator and LuST world,Showcase component,packaged-third-party,SUMO 1.27.1,showcase/sumo/sim,optional showcase container,"Runs the pinned LuST traffic scenario and exposes private TraCI control to the SUMO MCP owner.",TraCI TCP,SUMO live simulation state,Software,Block
VV-CMP-030,Python hosted-server SDK,Development component,first-party,Python,sdk/python,installed into Python hosted servers,"Provides Python models and helpers for identity, pagination, internal authentication, telemetry, artifacts, deployment, task runtime, and official Tasks SDK hooks.","Python API; MCP; HTTP; SurrealDB WebSocket",Platform services only,Software,Block
VV-CMP-031,Map data acquisition helper,Internal execution component,first-party,Python,servers/map-mcp/data,subprocess in the Map MCP container,"Normalizes authoritative OSM, GTFS, maritime, aviation, and authority datasets into bounded acquisition products.","JSON subprocess contract; filesystem exchange",Map acquisition scratch and release files,Software,Block
VV-CMP-032,Stream GStreamer runner,Internal execution component,first-party,C++,servers/stream-mcp/gst-runner,one subprocess per live session or replay task,"Executes one admitted GStreamer graph; emits existing encoded access units for the Stream App and optional recording route; and converts native DeepStream metadata into typed detections for perception profiles.","Closed JSON or newline-delimited JSON process contract; GStreamer; NVIDIA metadata",No durable authority,Software,Block
VV-CMP-033,MCP conformance client,Verification component,first-party,Rust,mcp/conformance,test and operator process,"Certifies a running hosted server through a typed domain-neutral profile and machine-readable report.","MCP Streamable HTTP; HTTP; JSON Schema",Test evidence only,Software,Block
VV-CMP-034,Rust smoke harness,Verification component,first-party,Rust,testing/smoke,test and CI process,"Owns multi-process and container lifecycle, readiness, timeouts, cleanup, MCP and HTTP calls, assertions, and deployment contract verification.","Process control; Docker; k3d; Kubernetes and Helm APIs; HTTP; MCP; filesystem evidence",Test evidence only,Software,Block
VV-CMP-035,k3d local development environment,Deployment component,first-party,k3d and Kubernetes YAML,deploy/local/k3d,loopback-only local Kubernetes installation,"Creates a current K3s cluster with mandatory NVIDIA GPU access, imports local images, and applies profile-owned Helm values without selecting a simulator in generic configuration.","k3d; Kubernetes API; containerd; NVIDIA device plugin",Installation configuration,Software,Block
VV-CMP-036,Helm deployment chart,Deployment component,first-party,Helm and Kubernetes YAML,deploy/helm/veoveo,connected or offline Kubernetes installation,"Instantiates the service graph with existing secrets, network policy, persistent storage, optional service-mesh mTLS, and ingress controls.","Kubernetes API; Helm values and schema",Installation configuration,Software,Block
VV-CMP-037,Offline bundle builder and loader,Deployment component,first-party,Shell dispatch plus verified manifests,deploy/offline,connected build host and isolated target host,"Builds and verifies digest-pinned images, configuration schemas, checksums, SPDX SBOMs, and Helm material without requiring target-network access.","OCI image archives; tar; SHA-256; SPDX; filesystem",Bundle manifest and retained verification evidence,Software,Block
VV-CMP-038,SurrealDB platform database,External platform runtime,external,SurrealDB 3.2.3,external,required single RocksDB-backed node,"Provides the sole durable coordination store for identity, control, policy, tasks, artifacts, recordings, agents, audit, and outbox state.","SurrealDB WebSocket and HTTP",Canonical platform coordination state,System,Block
VV-CMP-039,S3-compatible object store,External platform runtime,external,RustFS or installation-owned S3-compatible service,external,required object store,"Stores governed artifact bytes while the Artifact service owns identity and authorization.",S3-compatible HTTPS or private HTTP,Artifact blob bytes,System,Block
VV-CMP-040,Installation edge and ingress,External platform runtime,external,Kubernetes ingress controller,Helm ingress,one installation ingress,"Terminates installation ingress and exposes only console, gateway, public share redemption, and required provider plumbing routes.",HTTPS,Ingress routing and TLS configuration,System,Block
VV-CMP-041,Enterprise identity provider,External enterprise service,external,OIDC provider,external,installation-owned external dependency,"Authenticates users and clients and supplies issuer, JWKS, claims, authorization, and token endpoints to the gateway trust configuration.","OIDC discovery; OAuth 2.0; JWKS HTTPS",Enterprise identity records,System,Block
VV-CMP-042,OpenTelemetry collector and SIEM export,External platform runtime,external,OpenTelemetry Collector 0.156.0 and optional SIEM,configs/otel-collector.yaml,one or more collectors,"Receives logs, traces, metrics, and audit-compatible telemetry and forwards installation-approved signals.","OTLP gRPC and HTTP; SIEM exporter",Telemetry pipeline state,System,Block
VV-CMP-043,Media generation provider,External domain service,external,provider-neutral HTTPS API,external,optional connected dependency,"Accepts media jobs, delivers signed terminal webhooks, and provides output bytes only to the bounded server-side completion path.","Provider HTTPS API; signed webhook HTTPS",Provider job state,System,Block
VV-CMP-044,NVIDIA DeepStream and TensorRT runtime,External execution runtime,external,DeepStream 9.1 and TensorRT,Stream container base image,required for Stream perception profiles,"Decodes H.264, executes site-approved TensorRT engines, and emits native detection and tracking metadata without starting a Triton service.","GStreamer plugins; CUDA and NVIDIA driver APIs",Mounted model engines and transient GPU state,System,Block
VV-CMP-045,DuckDB and Spatial runtime,External execution runtime,external,DuckDB 1.5.5 and pinned Spatial extension,workspace dependency and server images,embedded and container-local,"Provides arbitrary analytical SQL, spatial functions, bounded owner workspaces, spill, ingest, and export execution.","Embedded DuckDB API; SQL; local files",Owner-scoped analytical workspace files,System,Block
VV-CMP-046,Map processing and routing toolchain,External execution runtime,external,Valhalla 3.8.3 GDAL 3.13.2 and GTFS Validator 8.0.1,servers/map-mcp/Dockerfile,container-local subprocesses,"Builds and serves routing tiles, constructs vehicle-specific route and travel matrices, transforms geospatial data, and validates transit datasets under the Map MCP owner.","Local HTTP and process APIs; files",Map release and routing tile files,System,Block
VV-CMP-047,Rerun data model and transport,External execution runtime,external,Rerun 0.35.0 libraries and Data Protocol,workspace dependencies and recording images,embedded producer-loopback and recording-read boundary,"Carries world logs into producer-local forwarders, encodes footer-indexed RRD shards, supports lazy Redap chunk reads and bounded live following, and renders recording evidence.","Loopback Rerun gRPC; RRD files; Rerun Data Protocol; Rust SDK",RRD files where persisted,System,Block
VV-CMP-048,Container execution environment,External platform runtime,external,Kubernetes with an OCI container runtime,external,installation substrate,"Runs isolated service images, networks, volumes, secrets, resource limits, GPUs, and deployment health controls.","Kubernetes API; OCI runtime; container network and storage APIs",Container and orchestration state,System,Block
VV-CMP-049,Time MCP server,Hosted MCP server,first-party,Rust,servers/time-mcp,single persistent temporal authority service,"Resolves civil, military, GNSS, and mission time against versioned authority releases; evaluates calendars and windows; observes clock quality; publishes temporal events; and runs durable timeline work.","MCP Streamable HTTP; declared administrative HTTP projection; SurrealDB WebSocket; HTTPS authority acquisition; filesystem releases",SurrealDB temporal catalog and tasks; authority release files,Software,Block
VV-CMP-050,View MCP server,Hosted MCP server,first-party,Rust,servers/view-mcp,GPU-backed hosted renderer,"Maintains owner-scoped camera views over configured 3D Tiles, bounds network and CPU/GPU residency, renders offscreen with NVIDIA Vulkan, and returns frames with attribution and capture metadata.","MCP Streamable HTTP; HTTPS and mounted 3D Tiles; Vulkan; SurrealDB WebSocket",Process-local views and caches; SurrealDB task metadata,Software,Block
VV-CMP-051,Recording forwarder,Core deployable,first-party,Rust,platform/recordings/forwarder,producer host process or Kubernetes native sidecar,"Receives native Rerun traffic on producer loopback, persists a bounded queue, authenticates with OAuth private_key_jwt, resumes from durable checkpoints, and uploads versioned batches through the gateway.","Loopback Rerun gRPC; OAuth discovery and client credentials; authenticated HTTPS protobuf",Producer-local queue files until Hub acknowledgement,Software,Block
VV-CMP-052,MCP Apps extension,Core library,first-party,Rust,mcp/apps-extension,linked into MCP App servers and hosts,"Owns the pinned MCP Apps extension constants, typed UI metadata, application resources, capability declarations, tool links, and sandbox-host message helpers.","Rust API; MCP resources and tool metadata; sandboxed postMessage bridge",No authoritative state,Software,Block
VV-CMP-053,Recording ingest protocol,Core library,first-party,Rust,platform/recordings/protocol,linked into gateway Hub forwarder and tests,"Owns the canonical versioned protobuf schema, media type, routes, limits, digest validation, stream checkpoints, discovery records, and typed recording ingest errors.","Rust API; Protocol Buffers; HTTP media type",No authoritative state,Software,Block
VV-CMP-054,UAV Simulation MCP server,Hosted MCP server,first-party,Rust,servers/uav-sim-mcp,pod-local hosted service beside the UAV simulator,"Governs simulation sessions, missions, vehicles, tiles, recording references, durable tasks, authoritative logical cameras, exclusive viewer-product slots, ephemeral actor/browser viewer leases, authenticated signaling, resources, subscriptions, prompts, and typed adapter commands without exposing simulator-native control ports.","MCP Streamable HTTP and MCP Apps; private adapter HTTP; WebRTC signaling; SurrealDB WebSocket; artifact-service internal HTTP",SurrealDB task mission and live-view audit metadata; simulator-owned live state; ephemeral viewer leases,Software,Block
VV-CMP-055,UAV simulation runtime and adapter,Showcase component,first-party,Python,showcase/uav-sim/runtime,GPU-backed interactive pod or bounded batch Job,"Owns the typed pod-private simulator adapter, Isaac stage mutation, simulator-tick logical cameras, a bounded pool of preallocated viewer-camera clones, one isolated RTX render product, NVENC bitstream, and native WebRTC peer per assigned viewer slot, camera and telemetry capture, MAVLink lifecycle, frame conversion, and Rerun publication.","Private HTTP; Python APIs; WebRTC media; H.264; loopback Rerun gRPC; MAVLink 2; ROS 2",Live simulator state hardware render products encoded bitstreams and ephemeral runtime data,Software,Block
VV-CMP-056,UAV simulation execution stack,External execution runtime,external,"Isaac Sim 6.0.1, Cesium for Omniverse 0.29.0, Pegasus 5.1.0, PX4 1.17.0",showcase/uav-sim/dependencies.lock.json,pinned GPU container dependency base,"Renders Google Photorealistic 3D Tiles, supplies multirotor physics and PX4 integration, and executes the simulator-native callbacks governed by the UAV adapter.","Isaac and Omniverse extension APIs; USD; CUDA and Vulkan; MAVLink 2; Cesium ion HTTPS",Streamed tiles GPU state vehicle dynamics and PX4 process state,System,Block
VV-CMP-057,Reason MCP server,Hosted MCP server,first-party,Rust,servers/reason-mcp,GPU-backed hosted reasoning service,"Authorizes recorded video, runs bounded local world-model inference, grounds semantic events in recording time, and publishes governed annotations and reports.","MCP Streamable HTTP; recording read API; bounded runner process; artifact-service internal HTTP; SurrealDB WebSocket",SurrealDB analyses and tasks; artifact plane annotations and reports,Software,Block
VV-CMP-058,Recorded video materialization,Core library,first-party,Rust,platform/recordings/video,linked into recording consumers,"Applies recording authority, resolves frozen or sealed RRD segments, extracts decoder-reentrant keyframe ranges, and remuxes bounded H.264 selections without re-encoding.","Rust API; Recording Hub read plans; RRD video indexes; MP4 bytes",No independent authority; authorized recording segments only,Software,Block
VV-CMP-060,Deployment profile contract,Deployment component,first-party,Rust,deploy/contract,linked into build release smoke and deployment tooling,"Owns the typed repository deployment-profile schema and validates the image targets and managed GPU allocator selected by an installation profile.","Rust API; veoveo.io/deployment/v5 JSON; veoveo.io/deployment-lock/v5 JSON",No independent authority; validated deployment profile input,Software,Block
VV-CMP-061,Repository build and release orchestrator,Verification and deployment component,first-party,Rust,tools/xtask,developer CI and release process,"Resolves source-local Bake selections into typed Cargo builder families, verifies cache and toolchain policy, maintains publication worktrees, and records image build evidence.","Cargo metadata; Docker Buildx Bake; BuildKit; OCI registries; veoveo.io/image-build-plan/v1 JSON",Tool-owned publication worktrees and retained build evidence,Software,Block
VV-CMP-062,Bioma composition acceptance,Verification and deployment component,first-party,Rust,examples/bioma/acceptance,workspace test process,"Owns static contract and cross-surface acceptance for the Bioma enterprise composition without making core gateway conformance depend on example configuration.","Rust tests; veoveo.io/deployment/v5 JSON; GatewayControlPlane JSON; Helm and Kubernetes configuration",Bioma-owned desired-state and acceptance evidence,Software,Block
VV-CMP-063,External extension contract,Core library,first-party,Rust,extensions/contract,linked into release and conformance tooling,"Defines and validates versioned compatibility manifests extension releases private artifact coordinates simulation build locks and immutable conformance evidence for independently owned repositories.","Rust API; JSON Schema 2020-12; Semantic Versioning; OCI coordinates; SHA-256",No authoritative state,Software,Block
VV-CMP-064,Gateway composer,Verification and deployment component,first-party,Rust,mcp/composer,offline installation process,"Deterministically joins extension-owned server fragments with installation-owned bindings and emits a canonically validated gateway control plane requirements closure and provenance.","Typed JSON files; veoveo.io gateway fragment binding and provenance schemas; SHA-256",Generated control-plane composition and provenance files,Software,Block
VV-CMP-070,cuOpt executor,Internal execution component,first-party,Python,servers/optimization-mcp/executor,one GPU sidecar in the Optimization pod,"Loads the pinned cuOpt runtime, owns the CUDA context and bounded RMM pool, executes one prepared routing batch or mathematical model at a time, and returns solver-native results to the Rust control plane.","veoveo.io/cuopt-executor/v1 over a private Unix socket; Python cuOpt API; CUDA; RMM",Transient GPU state and digest-checked prepared-problem files,Software,Block
VV-CMP-071,NVIDIA cuOpt and CUDA runtime,External execution runtime,external,NVIDIA cuOpt 26.06 and CUDA 13.2,servers/optimization-mcp/executor/Dockerfile,digest-pinned GPU sidecar base,"Executes heterogeneous vehicle routing and BatchSolve plus continuous LP QP QCQP SOCP and linear MILP formulations on an NVIDIA GPU.","Python cuOpt API; CUDA 13.2; NVIDIA driver API; RMM",Transient solver and GPU memory state,System,Block
VV-CMP-072,Headed browser smoke harness,Verification and deployment component,first-party,Rust,testing/browser-smoke,developer CI and hardware visual acceptance,"Attaches to a headed browser, proves a hardware-backed WebGPU or WebGL context, drives authenticated Console live-view acceptance, and records bounded visual evidence.","Chrome DevTools Protocol; WebGPU; WebGL; WebRTC; H.264",Ephemeral browser session and acceptance evidence,Software,Block
VV-CMP-073,Deployment smoke harness,Verification and deployment component,first-party,Rust,testing/deployment-smoke,developer CI and installation acceptance,"Validates typed deployment profiles and drives focused installation readiness without compiling unrelated protocol or visual scenarios.","Kubernetes API; Helm; veoveo.io/deployment/v5 JSON",Ephemeral deployment diagnostics and acceptance evidence,Software,Block
VV-CMP-074,Image build control,Verification and deployment component,first-party,Rust,tools/image-build/control,developer CI and release process,"Owns the shared pinned Buildx and BuildKit configuration, cross-worktree builder lease, cache namespaces, and deterministic builder preparation used by image publication and certification.","Docker Buildx; BuildKit; OCI registry API; filesystem lease",Local builder lease and cache metadata,Software,Block
VV-CMP-075,Legacy MCP bridge,Core deployable,first-party,Rust,mcp/bridges/legacy,optional explicitly configured connector,"Terminates one MCP 2025-11-25 local stdio child or remote HTTP connection and projects only exactly translatable tools resources prompts and completions through an MCP 2026-07-28 stateless endpoint.","Legacy MCP client connection; final MCP stdio or Streamable HTTP server",Legacy connection state only; no final-profile protocol state,Software,Block
